classifier,words,metric,tfidf,fasttext,difference
LogisticRegression,1,accuracy,0.890057,0.926927,0.03687
LogisticRegression,1,f1_macro,0.890114,0.926932,0.036818
LogisticRegression,2,accuracy,0.956456,0.970804,0.014348
LogisticRegression,2,f1_macro,0.956567,0.970834,0.014267
LogisticRegression,3,accuracy,0.977811,0.987654,0.009843
LogisticRegression,3,f1_macro,0.977843,0.987659,0.009816
LogisticRegression,5,accuracy,0.993827,0.995996,0.002169
LogisticRegression,5,f1_macro,0.993832,0.995998,0.002166
LinearSVC,1,accuracy,0.905072,0.930597,0.025525
LinearSVC,1,f1_macro,0.905488,0.930847,0.025359
LinearSVC,2,accuracy,0.958792,0.970304,0.011512
LinearSVC,2,f1_macro,0.958912,0.970348,0.011436
LinearSVC,3,accuracy,0.979646,0.988322,0.008676
LinearSVC,3,f1_macro,0.979693,0.988327,0.008634
LinearSVC,5,accuracy,0.994494,0.99633,0.001836
LinearSVC,5,f1_macro,0.9945,0.996331,0.001831
RandomForest,1,accuracy,0.842342,0.916917,0.074575
RandomForest,1,f1_macro,0.845328,0.917119,0.071791
RandomForest,2,accuracy,0.935936,0.969303,0.033367
RandomForest,2,f1_macro,0.936342,0.969379,0.033037
RandomForest,3,accuracy,0.968969,0.98682,0.017851
RandomForest,3,f1_macro,0.96907,0.986842,0.017772
RandomForest,5,accuracy,0.990991,0.995162,0.004171
RandomForest,5,f1_macro,0.991003,0.995165,0.004162
KNN,1,accuracy,0.927427,0.929763,0.002336
KNN,1,f1_macro,0.927681,0.929852,0.002171
KNN,2,accuracy,0.941108,0.970804,0.029696
KNN,2,f1_macro,0.941294,0.970842,0.029548
KNN,3,accuracy,0.958292,0.988655,0.030363
KNN,3,f1_macro,0.958434,0.988667,0.030233
KNN,5,accuracy,0.980147,0.996163,0.016016
KNN,5,f1_macro,0.980191,0.996165,0.015974
