word,language,rank,neighbour,cosine_similarity
school,english,1,school's,0.9117
school,english,2,schools,0.8878
school,english,3,scholarship,0.8219
school,english,4,schooling,0.8165
school,english,5,scary,0.8092
école,french,1,d'école,0.9121
école,french,2,écologie,0.9108
école,french,3,métropole,0.8815
école,french,4,pétrole,0.8742
école,french,5,l'école,0.8587
ishuri,kinyarwanda,1,y'ishuri,0.9181
ishuri,kinyarwanda,2,by'ishuri,0.8983
ishuri,kinyarwanda,3,shuri,0.8957
ishuri,kinyarwanda,4,igurishwa,0.8592
ishuri,kinyarwanda,5,w'amashuri,0.847
government,english,1,government's,0.958
government,english,2,governmental,0.9325
government,english,3,governments,0.8873
government,english,4,development,0.871
government,english,5,unemployment,0.8634
gouvernement,french,1,gouvernemental,0.9484
gouvernement,french,2,ouvertement,0.9332
gouvernement,french,3,événement,0.9168
gouvernement,french,4,l'événement,0.9148
gouvernement,french,5,gouvernementales,0.9135
leta,kinyarwanda,1,y'intambara,0.7215
leta,kinyarwanda,2,zitabarika,0.7202
leta,kinyarwanda,3,z'amerika,0.7179
leta,kinyarwanda,4,y'imipaka,0.7102
leta,kinyarwanda,5,y'inzego,0.698
president,english,1,president's,0.947
president,english,2,resident,0.9451
president,english,3,presidency,0.9104
president,english,4,presidential,0.8902
president,english,5,presidents,0.881
président,french,1,résident,0.9522
président,french,2,présidentiel,0.9446
président,french,3,présidente,0.934
président,french,4,précédent,0.9033
président,french,5,présidentielle,0.8984
perezida,kinyarwanda,1,muperezida,0.9407
perezida,kinyarwanda,2,prezida,0.9366
perezida,kinyarwanda,3,peresida,0.9004
perezida,kinyarwanda,4,y'umukandida,0.7975
perezida,kinyarwanda,5,mpereza,0.7891
children,english,1,children's,0.9351
children,english,2,childcare,0.8441
children,english,3,childhood,0.8309
children,english,4,child,0.8227
children,english,5,strengthen,0.7888
enfants,french,1,d'enfants,0.9405
enfants,french,2,vivants,0.9141
enfants,french,3,suivants,0.9074
enfants,french,4,géants,0.9028
enfants,french,5,gérants,0.8982
abana,kinyarwanda,1,abafana,0.9441
abana,kinyarwanda,2,babana,0.9122
abana,kinyarwanda,3,abagana,0.9062
abana,kinyarwanda,4,abanje,0.8999
abana,kinyarwanda,5,abanza,0.8918
country,english,1,country's,0.9466
country,english,2,county,0.9366
country,english,3,county's,0.9155
country,english,4,count,0.9106
country,english,5,countries,0.8444
pays,french,1,payés,0.8743
pays,french,2,paysans,0.8594
pays,french,3,passés,0.7869
pays,french,4,paix,0.7864
pays,french,5,départs,0.7742
igihugu,kinyarwanda,1,nk'igihugu,0.9484
igihugu,kinyarwanda,2,z'igihugu,0.9335
igihugu,kinyarwanda,3,ry'igihugu,0.9288
igihugu,kinyarwanda,4,n'igihugu,0.926
igihugu,kinyarwanda,5,cy'igihugu,0.9195
people,english,1,people's,0.9239
people,english,2,peoples,0.8689
people,english,3,purple,0.8193
people,english,4,example,0.7605
people,english,5,plea,0.7401
gens,french,1,chiens,0.8418
gens,french,2,liens,0.8397
gens,french,3,viens,0.8228
gens,french,4,gardiens,0.8219
gens,french,5,sens,0.8094
abantu,kinyarwanda,1,nk'abantu,0.9159
abantu,kinyarwanda,2,z'abantu,0.8953
abantu,kinyarwanda,3,mwabantu,0.8805
abantu,kinyarwanda,4,bantu,0.8788
abantu,kinyarwanda,5,n'abantu,0.8741
