representation,features,classifier,split,accuracy,precision_macro,recall_macro,f1_macro,f1_weighted,train_seconds,representation_seconds,f1_macro_3words
FastText,fasttext_cbow_mean,LogisticRegression,validation,0.999791,0.999792,0.999791,0.999791,0.999791,1.406997,83.331434,0.983542
FastText,fasttext_cbow_mean,LogisticRegression,test,1.0,1.0,1.0,1.0,1.0,1.406997,83.331434,
FastText,fasttext_cbow_mean,LinearSVC,validation,0.999791,0.999792,0.999791,0.999791,0.999791,0.568223,83.331434,0.984993
FastText,fasttext_cbow_mean,LinearSVC,test,1.0,1.0,1.0,1.0,1.0,0.568223,83.331434,
FastText,fasttext_cbow_mean,RandomForest,validation,0.999791,0.999792,0.999791,0.999791,0.999791,2.805293,83.331434,0.983954
FastText,fasttext_cbow_mean,RandomForest,test,1.0,1.0,1.0,1.0,1.0,2.805293,83.331434,
FastText,fasttext_cbow_mean,KNN,validation,0.999791,0.999792,0.999791,0.999791,0.999791,0.06465,83.331434,0.98292
FastText,fasttext_cbow_mean,KNN,test,0.999833,0.999833,0.999833,0.999833,0.999833,0.06465,83.331434,
FastText,fasttext_skipgram_mean,LogisticRegression,validation,0.999791,0.999792,0.999791,0.999791,0.999791,0.10981,48.158707,0.986861
FastText,fasttext_skipgram_mean,LogisticRegression,test,0.999833,0.999833,0.999833,0.999833,0.999833,0.10981,48.158707,
FastText,fasttext_skipgram_mean,LinearSVC,validation,1.0,1.0,1.0,1.0,1.0,0.226932,48.158707,0.987905
FastText,fasttext_skipgram_mean,LinearSVC,test,1.0,1.0,1.0,1.0,1.0,0.226932,48.158707,
FastText,fasttext_skipgram_mean,RandomForest,validation,1.0,1.0,1.0,1.0,1.0,1.73333,48.158707,0.985198
FastText,fasttext_skipgram_mean,RandomForest,test,0.999833,0.999833,0.999833,0.999833,0.999833,1.73333,48.158707,
FastText,fasttext_skipgram_mean,KNN,validation,1.0,1.0,1.0,1.0,1.0,0.019494,48.158707,0.988112
FastText,fasttext_skipgram_mean,KNN,test,1.0,1.0,1.0,1.0,1.0,0.019494,48.158707,
FastText,fasttext_skipgram_ng2-5_mean,LogisticRegression,validation,0.999791,0.999792,0.999791,0.999791,0.999791,0.099922,78.766986,0.989365
FastText,fasttext_skipgram_ng2-5_mean,LogisticRegression,test,0.999833,0.999833,0.999833,0.999833,0.999833,0.099922,78.766986,
FastText,fasttext_skipgram_ng2-5_mean,LinearSVC,validation,1.0,1.0,1.0,1.0,1.0,0.251315,78.766986,0.989159
FastText,fasttext_skipgram_ng2-5_mean,LinearSVC,test,1.0,1.0,1.0,1.0,1.0,0.251315,78.766986,
FastText,fasttext_skipgram_ng2-5_mean,RandomForest,validation,1.0,1.0,1.0,1.0,1.0,2.135959,78.766986,0.986247
FastText,fasttext_skipgram_ng2-5_mean,RandomForest,test,0.999833,0.999833,0.999833,0.999833,0.999833,2.135959,78.766986,
FastText,fasttext_skipgram_ng2-5_mean,KNN,validation,1.0,1.0,1.0,1.0,1.0,0.022131,78.766986,0.989783
FastText,fasttext_skipgram_ng2-5_mean,KNN,test,1.0,1.0,1.0,1.0,1.0,0.022131,78.766986,
FastText,fasttext_skipgram_nosubwords_mean,LogisticRegression,validation,0.999791,0.999792,0.999791,0.999791,0.999791,1.73116,28.664396,0.987488
FastText,fasttext_skipgram_nosubwords_mean,LogisticRegression,test,1.0,1.0,1.0,1.0,1.0,1.73116,28.664396,
FastText,fasttext_skipgram_nosubwords_mean,LinearSVC,validation,1.0,1.0,1.0,1.0,1.0,0.468732,28.664396,0.985205
FastText,fasttext_skipgram_nosubwords_mean,LinearSVC,test,1.0,1.0,1.0,1.0,1.0,0.468732,28.664396,
FastText,fasttext_skipgram_nosubwords_mean,RandomForest,validation,0.999791,0.999792,0.999791,0.999791,0.999791,3.595096,28.664396,0.984152
FastText,fasttext_skipgram_nosubwords_mean,RandomForest,test,1.0,1.0,1.0,1.0,1.0,3.595096,28.664396,
FastText,fasttext_skipgram_nosubwords_mean,KNN,validation,0.999791,0.999792,0.999791,0.999791,0.999791,0.047683,28.664396,0.985205
FastText,fasttext_skipgram_nosubwords_mean,KNN,test,1.0,1.0,1.0,1.0,1.0,0.047683,28.664396,
FastText,fasttext_skipgram_meanmax,LogisticRegression,validation,1.0,1.0,1.0,1.0,1.0,1.639534,4.482352,0.986658
FastText,fasttext_skipgram_meanmax,LogisticRegression,test,0.999666,0.999667,0.999666,0.999666,0.999666,1.639534,4.482352,
FastText,fasttext_skipgram_meanmax,LinearSVC,validation,1.0,1.0,1.0,1.0,1.0,0.880898,4.482352,0.987491
FastText,fasttext_skipgram_meanmax,LinearSVC,test,0.999833,0.999833,0.999833,0.999833,0.999833,0.880898,4.482352,
FastText,fasttext_skipgram_meanmax,RandomForest,validation,1.0,1.0,1.0,1.0,1.0,5.242965,4.482352,0.986867
FastText,fasttext_skipgram_meanmax,RandomForest,test,0.999833,0.999833,0.999833,0.999833,0.999833,5.242965,4.482352,
FastText,fasttext_skipgram_meanmax,KNN,validation,1.0,1.0,1.0,1.0,1.0,0.048995,4.482352,0.987702
FastText,fasttext_skipgram_meanmax,KNN,test,0.999666,0.999667,0.999666,0.999666,0.999666,0.048995,4.482352,
