features,classifier,split,accuracy,precision_macro,recall_macro,f1_macro,f1_weighted,train_seconds,f1_macro_3words
tfidf_word_1gram,LogisticRegression,validation,0.998957,0.998961,0.998957,0.998957,0.998957,0.193629,0.944308
tfidf_word_1gram,LogisticRegression,test,0.999333,0.999334,0.999333,0.999333,0.999333,0.193629,
tfidf_word_1gram,LinearSVC,validation,0.999583,0.999584,0.999583,0.999583,0.999583,0.049704,0.955568
tfidf_word_1gram,LinearSVC,test,0.999499,0.9995,0.999499,0.9995,0.9995,0.049704,
tfidf_word_1gram,RandomForest,validation,0.996663,0.996673,0.996663,0.996665,0.996664,2.454772,0.911267
tfidf_word_1gram,RandomForest,test,0.997497,0.997505,0.997497,0.997499,0.997499,2.454772,
tfidf_word_1gram,KNN,validation,0.998332,0.998332,0.998332,0.998332,0.998332,0.038562,0.968543
tfidf_word_1gram,KNN,test,0.997831,0.997834,0.997831,0.997831,0.997831,0.038562,
tfidf_word_1-2gram,LogisticRegression,validation,0.999166,0.999168,0.999166,0.999166,0.999166,0.885995,0.949454
tfidf_word_1-2gram,LogisticRegression,test,0.999499,0.9995,0.999499,0.999499,0.999499,0.885995,
tfidf_word_1-2gram,LinearSVC,validation,0.999583,0.999584,0.999583,0.999583,0.999583,0.156212,0.961148
tfidf_word_1-2gram,LinearSVC,test,0.999666,0.999667,0.999666,0.999666,0.999666,0.156212,
tfidf_word_1-2gram,RandomForest,validation,0.997497,0.997505,0.997497,0.997498,0.997498,4.087871,0.91491
tfidf_word_1-2gram,RandomForest,test,0.997831,0.997836,0.997831,0.997832,0.997832,4.087871,
tfidf_word_1-2gram,KNN,validation,0.998123,0.998125,0.998123,0.998123,0.998123,0.038782,0.973751
tfidf_word_1-2gram,KNN,test,0.998832,0.998834,0.998832,0.998832,0.998832,0.038782,
tfidf_char_wb_1-3gram,LogisticRegression,validation,0.999791,0.999792,0.999792,0.999791,0.999791,0.97235,0.973354
tfidf_char_wb_1-3gram,LogisticRegression,test,0.999666,0.999667,0.999666,0.999666,0.999666,0.97235,
tfidf_char_wb_1-3gram,LinearSVC,validation,1.0,1.0,1.0,1.0,1.0,0.817334,0.975446
tfidf_char_wb_1-3gram,LinearSVC,test,0.999833,0.999833,0.999833,0.999833,0.999833,0.817334,
tfidf_char_wb_1-3gram,RandomForest,validation,0.999166,0.999166,0.999166,0.999166,0.999166,7.001349,0.956885
tfidf_char_wb_1-3gram,RandomForest,test,0.998999,0.999002,0.998999,0.998999,0.998999,7.001349,
tfidf_char_wb_1-3gram,KNN,validation,0.999374,0.999375,0.999374,0.999374,0.999374,0.053219,0.97293
tfidf_char_wb_1-3gram,KNN,test,0.998999,0.998999,0.998999,0.998999,0.998999,0.053219,
tfidf_char_wb_2-5gram,LogisticRegression,validation,1.0,1.0,1.0,1.0,1.0,2.573983,0.980831
tfidf_char_wb_2-5gram,LogisticRegression,test,0.999666,0.999666,0.999666,0.999666,0.999666,2.573983,
tfidf_char_wb_2-5gram,LinearSVC,validation,1.0,1.0,1.0,1.0,1.0,0.374565,0.983543
tfidf_char_wb_2-5gram,LinearSVC,test,0.999666,0.999666,0.999666,0.999666,0.999666,0.374565,
tfidf_char_wb_2-5gram,RandomForest,validation,0.999583,0.999583,0.999583,0.999583,0.999583,7.313576,0.971286
tfidf_char_wb_2-5gram,RandomForest,test,0.999499,0.9995,0.999499,0.999499,0.999499,7.313576,
tfidf_char_wb_2-5gram,KNN,validation,0.996038,0.996045,0.996038,0.996038,0.996039,0.038739,0.961122
tfidf_char_wb_2-5gram,KNN,test,0.995996,0.996001,0.995996,0.995997,0.995997,0.038739,
