representation,features,classifier,words,accuracy,f1_macro
TF-IDF,tfidf_word_1gram,LogisticRegression,1,0.802135,0.806136
TF-IDF,tfidf_word_1gram,LogisticRegression,2,0.891892,0.893512
TF-IDF,tfidf_word_1gram,LogisticRegression,3,0.941275,0.94169
TF-IDF,tfidf_word_1gram,LogisticRegression,5,0.981648,0.981675
TF-IDF,tfidf_word_1gram,LinearSVC,1,0.820988,0.823874
TF-IDF,tfidf_word_1gram,LinearSVC,2,0.909243,0.910178
TF-IDF,tfidf_word_1gram,LinearSVC,3,0.954454,0.954615
TF-IDF,tfidf_word_1gram,LinearSVC,5,0.987654,0.987664
TF-IDF,tfidf_word_1gram,RandomForest,1,0.698699,0.698984
TF-IDF,tfidf_word_1gram,RandomForest,2,0.825659,0.828877
TF-IDF,tfidf_word_1gram,RandomForest,3,0.898899,0.900283
TF-IDF,tfidf_word_1gram,RandomForest,5,0.965299,0.96544
TF-IDF,tfidf_word_1gram,KNN,1,0.895729,0.896978
TF-IDF,tfidf_word_1gram,KNN,2,0.941608,0.941866
TF-IDF,tfidf_word_1gram,KNN,3,0.967301,0.967362
TF-IDF,tfidf_word_1gram,KNN,5,0.983317,0.983342
TF-IDF,tfidf_word_1-2gram,LogisticRegression,1,0.80981,0.813575
TF-IDF,tfidf_word_1-2gram,LogisticRegression,2,0.901068,0.902411
TF-IDF,tfidf_word_1-2gram,LogisticRegression,3,0.946113,0.946428
TF-IDF,tfidf_word_1-2gram,LogisticRegression,5,0.983317,0.983339
TF-IDF,tfidf_word_1-2gram,LinearSVC,1,0.828495,0.831292
TF-IDF,tfidf_word_1-2gram,LinearSVC,2,0.914581,0.915344
TF-IDF,tfidf_word_1-2gram,LinearSVC,3,0.958959,0.95908
TF-IDF,tfidf_word_1-2gram,LinearSVC,5,0.989489,0.989495
TF-IDF,tfidf_word_1-2gram,RandomForest,1,0.70337,0.70392
TF-IDF,tfidf_word_1-2gram,RandomForest,2,0.830998,0.833926
TF-IDF,tfidf_word_1-2gram,RandomForest,3,0.904071,0.905356
TF-IDF,tfidf_word_1-2gram,RandomForest,5,0.9668,0.966914
TF-IDF,tfidf_word_1-2gram,KNN,1,0.887054,0.88847
TF-IDF,tfidf_word_1-2gram,KNN,2,0.947114,0.947361
TF-IDF,tfidf_word_1-2gram,KNN,3,0.969803,0.969841
TF-IDF,tfidf_word_1-2gram,KNN,5,0.989489,0.989494
TF-IDF,tfidf_char_wb_1-3gram,LogisticRegression,1,0.873373,0.873924
TF-IDF,tfidf_char_wb_1-3gram,LogisticRegression,2,0.945112,0.945314
TF-IDF,tfidf_char_wb_1-3gram,LogisticRegression,3,0.971972,0.972035
TF-IDF,tfidf_char_wb_1-3gram,LogisticRegression,5,0.991658,0.99167
TF-IDF,tfidf_char_wb_1-3gram,LinearSVC,1,0.884218,0.884871
TF-IDF,tfidf_char_wb_1-3gram,LinearSVC,2,0.945779,0.946028
TF-IDF,tfidf_char_wb_1-3gram,LinearSVC,3,0.972639,0.972741
TF-IDF,tfidf_char_wb_1-3gram,LinearSVC,5,0.992159,0.992168
TF-IDF,tfidf_char_wb_1-3gram,RandomForest,1,0.832332,0.831904
TF-IDF,tfidf_char_wb_1-3gram,RandomForest,2,0.922256,0.922484
TF-IDF,tfidf_char_wb_1-3gram,RandomForest,3,0.958125,0.958231
TF-IDF,tfidf_char_wb_1-3gram,RandomForest,5,0.98315,0.983174
TF-IDF,tfidf_char_wb_1-3gram,KNN,1,0.924258,0.924472
TF-IDF,tfidf_char_wb_1-3gram,KNN,2,0.94995,0.95009
TF-IDF,tfidf_char_wb_1-3gram,KNN,3,0.968969,0.969032
TF-IDF,tfidf_char_wb_1-3gram,KNN,5,0.988822,0.988833
TF-IDF,tfidf_char_wb_2-5gram,LogisticRegression,1,0.890057,0.890114
TF-IDF,tfidf_char_wb_2-5gram,LogisticRegression,2,0.956456,0.956567
TF-IDF,tfidf_char_wb_2-5gram,LogisticRegression,3,0.977811,0.977843
TF-IDF,tfidf_char_wb_2-5gram,LogisticRegression,5,0.993827,0.993832
TF-IDF,tfidf_char_wb_2-5gram,LinearSVC,1,0.905072,0.905488
TF-IDF,tfidf_char_wb_2-5gram,LinearSVC,2,0.958792,0.958912
TF-IDF,tfidf_char_wb_2-5gram,LinearSVC,3,0.979646,0.979693
TF-IDF,tfidf_char_wb_2-5gram,LinearSVC,5,0.994494,0.9945
TF-IDF,tfidf_char_wb_2-5gram,RandomForest,1,0.842342,0.845328
TF-IDF,tfidf_char_wb_2-5gram,RandomForest,2,0.935936,0.936342
TF-IDF,tfidf_char_wb_2-5gram,RandomForest,3,0.968969,0.96907
TF-IDF,tfidf_char_wb_2-5gram,RandomForest,5,0.990991,0.991003
TF-IDF,tfidf_char_wb_2-5gram,KNN,1,0.927427,0.927681
TF-IDF,tfidf_char_wb_2-5gram,KNN,2,0.941108,0.941294
TF-IDF,tfidf_char_wb_2-5gram,KNN,3,0.958292,0.958434
TF-IDF,tfidf_char_wb_2-5gram,KNN,5,0.980147,0.980191
